keisha.langosh@email.com,1970-01-16,Idle
bruce.williamson@email.com,1999-11-30,Pending
felica.king@email.com,1981-01-31,Active
nelia.adams@email.com,1971-06-25,Blocked
freida.kulas@email.com,1970-03-05,Idle
waldo.prohaska@email.com,1976-11-10,Pending
connie.bradtke@email.com,1988-07-20,Active
mervin.rempel@email.com,1970-10-27,Idle
napoleon.wiegand@email.com,1981-04-09,Active
ranae.kuvalis@email.com,1959-09-13,Blocked
antione.bogan@email.com,1967-03-14,Idle
frederic.wunsch@email.com,1990-01-19,Blocked
deane.koch@email.com,2005-03-17,Blocked
dewey.upton@email.com,1991-02-22,Active
kimber.lesch@email.com,1959-02-23,Pending
georgiann.sporer@email.com,1994-11-12,Active
christoper.corwin@email.com,1986-08-29,Blocked
abdul.kirlin@email.com,1985-10-21,Blocked
lemuel.schumm@email.com,1994-08-25,Idle
rubin.nolan@email.com,1983-09-27,Idle
andrew.anderson@email.com,1974-12-15,Blocked
rashad.considine@email.com,1971-07-08,Idle
joshua.windler@email.com,1985-03-11,Idle
michale.conn@email.com,1999-01-22,Idle
pasquale.herman@email.com,1986-09-09,Blocked
lindsay.o'reilly@email.com,2001-05-23,Pending
tara.senger@email.com,2001-03-24,Blocked
matt.abernathy@email.com,1970-10-22,Idle
jamar.lindgren@email.com,1999-03-17,Idle
natalie.rempel@email.com,1970-09-09,Active
jaimie.koelpin@email.com,2002-02-06,Blocked
joann.borer@email.com,1961-08-31,Blocked
lauralee.berge@email.com,1979-10-17,Pending
detra.dietrich@email.com,2000-07-05,Blocked
ilana.koepp@email.com,1985-03-18,Pending
jean.rodriguez@email.com,1974-06-06,Idle
josette.franecki@email.com,1985-12-07,Pending
coletta.keeling@email.com,1982-06-15,Active
maricruz.vandervort@email.com,1976-01-23,Active
willette.harvey@email.com,1983-01-04,Blocked
gussie.bergnaum@email.com,1974-04-22,Idle
shemeka.gulgowski@email.com,1969-05-02,Active
monte.borer@email.com,1989-04-27,Active
connie.bartell@email.com,1994-09-23,Idle
luis.gleason@email.com,2001-10-22,Blocked
raphael.cummerata@email.com,1976-04-02,Active
sammie.gerlach@email.com,1971-10-12,Active
micheal.cummerata@email.com,1985-12-11,Active
merlin.dubuque@email.com,1984-06-30,Idle
belinda.boyer@email.com,1980-04-14,Idle
caleb.heidenreich@email.com,1972-09-21,Idle
cecily.schiller@email.com,2003-02-25,Active
shona.gutmann@email.com,1991-01-29,Active
margeret.schmeler@email.com,1968-01-20,Blocked
rosaria.jacobs@email.com,1981-01-09,Active
elmo.hahn@email.com,1970-06-25,Blocked
greg.ritchie@email.com,1999-03-02,Idle
darrel.beier@email.com,1993-05-16,Active
denita.hintz@email.com,1983-08-21,Pending
christin.boyer@email.com,1984-07-12,Pending
norbert.rempel@email.com,1983-05-25,Active
maira.blanda@email.com,1994-03-25,Blocked
julius.stiedemann@email.com,1971-06-12,Idle
sidney.conroy@email.com,1990-05-17,Idle
kim.lemke@email.com,1962-08-16,Active
dena.boyle@email.com,1986-09-07,Idle
pamala.heidenreich@email.com,1996-12-11,Pending
lenny.bogan@email.com,1962-08-14,Idle
cornell.ruecker@email.com,1971-10-31,Active
cynthia.mcdermott@email.com,1987-06-26,Blocked
bobette.erdman@email.com,1975-11-05,Pending
mirella.waters@email.com,1972-03-09,Idle
jeffrey.hintz@email.com,1960-03-03,Blocked
takisha.o'connell@email.com,1982-08-20,Blocked
lela.bashirian@email.com,2001-09-30,Pending
leta.stamm@email.com,1958-08-13,Pending
lilly.koepp@email.com,1962-03-13,Idle
jacob.runolfsson@email.com,2000-06-08,Active
maryanne.considine@email.com,1959-04-08,Active
chas.thiel@email.com,1975-06-16,Active
londa.rutherford@email.com,1974-09-05,Pending
janice.kreiger@email.com,2004-06-13,Active
doretta.pollich@email.com,1968-12-07,Pending
samatha.will@email.com,1976-12-30,Pending
joe.west@email.com,1980-12-15,Idle
hollis.kshlerin@email.com,1998-02-25,Active
donnie.hansen@email.com,1960-03-20,Idle
ollie.rodriguez@email.com,1986-10-05,Idle
fermin.bartoletti@email.com,1967-07-03,Active
ward.pagac@email.com,1974-03-17,Pending
clare.herzog@email.com,1979-01-20,Pending
joie.effertz@email.com,1990-11-28,Pending
monte.lueilwitz@email.com,1991-09-22,Blocked
dannie.schamberger@email.com,1992-08-02,Active
danny.wyman@email.com,1991-01-24,Active
antonio.yundt@email.com,2003-06-25,Pending
graig.braun@email.com,2000-02-05,Blocked
elke.stehr@email.com,1998-05-08,Blocked
marcela.rolfson@email.com,1973-10-06,Idle
aron.waters@email.com,1995-11-16,Idle
claribel.bayer@email.com,1961-12-27,Blocked
duncan.murphy@email.com,1990-04-28,Blocked
andreas.gleason@email.com,1975-03-24,Active
caleb.lemke@email.com,1976-12-02,Blocked
benny.bogan@email.com,2002-11-05,Idle
lilia.price@email.com,1993-01-23,Idle
evalyn.cassin@email.com,1994-05-05,Pending
gertie.abshire@email.com,1987-05-13,Idle
jessia.gerhold@email.com,1993-11-22,Active
tarah.walter@email.com,1974-05-13,Blocked
melvin.cremin@email.com,2000-12-04,Idle
niesha.beer@email.com,1985-03-09,Blocked
londa.crist@email.com,1999-02-02,Pending
jeffry.gerlach@email.com,1972-11-03,Idle
jena.greenfelder@email.com,1978-10-31,Blocked
cliff.keebler@email.com,1964-11-06,Idle
fred.dickinson@email.com,1974-08-14,Active
samual.renner@email.com,1994-07-01,Idle
christopher.farrell@email.com,1995-03-14,Blocked
marlon.jacobi@email.com,1968-10-14,Blocked
brian.herzog@email.com,2003-10-29,Pending
neal.homenick@email.com,1976-08-20,Blocked
lee.towne@email.com,1975-10-12,Blocked
yaeko.mraz@email.com,1961-12-16,Idle
ok.sanford@email.com,2004-10-29,Blocked
jamaal.kerluke@email.com,1997-04-11,Blocked
melania.wilkinson@email.com,1977-01-19,Idle
lorene.braun@email.com,2001-06-11,Pending
kindra.goodwin@email.com,1968-06-25,Blocked
venetta.vandervort@email.com,1962-10-11,Blocked
augustine.bechtelar@email.com,1969-10-21,Active
alexis.turner@email.com,1970-07-21,Active
