timestamp,email_address,ip_address
2023-06-12 10:15:20,john.doe@example.com,192.168.0.1
2023-06-12 11:30:45,jane.smith@example.com,192.168.0.2
2023-06-12 12:45:10,michael.johnson@example.com,192.168.0.3
2023-06-12 13:20:35,sarah.wilson@example.com,192.168.0.4
2023-06-12 14:55:50,robert.anderson@example.com,192.168.0.5
2023-06-12 15:10:25,emily.brown@example.com,192.168.0.6
2023-06-12 16:25:40,david.thomas@example.com,192.168.0.7
2023-06-12 17:40:55,jennifer.jackson@example.com,192.168.0.8
2023-06-12 18:55:20,william.miller@example.com,192.168.0.9
2023-06-12 19:30:45,olivia.davis@example.com,192.168.0.10
2023-06-12 20:15:20,benjamin.wilson@example.com,192.168.0.11
2023-06-12 21:30:45,sophia.johnson@example.com,192.168.0.12
2023-06-12 22:45:10,james.anderson@example.com,192.168.0.13
2023-06-12 23:20:35,emma.smith@example.com,192.168.0.14
2023-06-13 00:55:50,william.jones@example.com,192.168.0.15
2023-06-13 01:10:25,ava.brown@example.com,192.168.0.16
2023-06-13 02:25:40,lucas.wilson@example.com,192.168.0.17
2023-06-13 03:40:55,olivia.johnson@example.com,192.168.0.18
2023-06-13 04:55:20,liam.davis@example.com,192.168.0.19
2023-06-13 05:30:45,sophia.smith@example.com,192.168.0.20
2023-06-13 06:15:20,ethan.anderson@example.com,192.168.0.21
2023-06-13 07:30:45,isabella.johnson@example.com,192.168.0.22
2023-06-13 08:45:10,logan.thompson@example.com,192.168.0.23
2023-06-13 09:20:35,ava.anderson@example.com,192.168.0.24
2023-06-13 10:55:50,noah.brown@example.com,192.168.0.25
2023-06-13 11:10:25,oliver.smith@example.com,192.168.0.26
2023-06-13 12:25:40,sophia.johnson@example.com,192.168.0.27
2023-06-13 13:40:55,jack.wilson@example.com,192.168.0.28
2023-06-13 14:55:20,mia.davis@example.com,192.168.0.29
2023-06-13 15:30:45,aiden.anderson@example.com,192.168.0.30
2023-06-13 16:15:20,amelia.smith@example.com,192.168.0.31
2023-06-13 17:30:45,henry.johnson@example.com,192.168.0.32
2023-06-13 18:45:10,olivia.roberts@example.com,192.168.0.33
2023-06-13 19:20:35,michael.brown@example.com,192.168.0.34
2023-06-13 20:55:50,william.davis@example.com,192.168.0.35
2023-06-13 21:10:25,sophia.wilson@example.com,192.168.0.36
2023-06-13 22:25:40,james.jackson@example.com,192.168.0.37
2023-06-13 23:40:55,lily.smith@example.com,192.168.0.38
2023-06-14 00:55:20,samuel.anderson@example.com,192.168.0.39
2023-06-14 01:30:45,sophia.johnson@example.com,192.168.0.40
2023-06-14 02:15:20,john.miller@example.com,192.168.0.41
2023-06-14 03:30:45,emily.brown@example.com,192.168.0.42
2023-06-14 04:45:10,lucas.roberts@example.com,192.168.0.43
2023-06-14 05:20:35,sophia.jones@example.com,192.168.0.44
2023-06-14 06:55:50,william.anderson@example.com,192.168.0.45
2023-06-14 07:10:25,ava.wilson@example.com,192.168.0.46
2023-06-14 08:25:40,ethan.thomas@example.com,192.168.0.47
2023-06-14 09:40:55,olivia.johnson@example.com,192.168.0.48
2023-06-14 10:55:20,jackson.davis@example.com,192.168.0.49
2023-06-14 11:30:45,sophia.smith@example.com,192.168.0.50
